original_,original_affiliation-city,original_affiliation-country,lat,lon,formatted,district,street,name,county_code,suburb,state_code,postcode,city,county,state,country,country_code,confidence,confidence_city_level,attribution,attribution_license,attribution_url
4000,Enshi,China,30.2974854,109.4746431,"Enshi, 445000 Hubei, China",,,Enshi,,,,445000,Enshi,Enshi,Hubei,China,cn,1,1,© OpenStreetMap contributors,Open Database License,https://www.openstreetmap.org/copyright
4001,Lankaran,Azerbaijan,38.7537311,48.8539286,"4200 Lankaran, Azerbaijan",,,,,,,4200,Lankaran,,Lankaran-Astara,Azerbaijan,az,1,1,© OpenStreetMap contributors,Open Database License,https://www.openstreetmap.org/copyright
4002,Ostrava-Poruba,Czech Republic,49.81240745,18.151301588901767,"ctPark Ostrava - Poruba, Poruba, Ostrava, Moravskoslezský kraj, Czechia",,,ctPark Ostrava - Poruba,,Poruba,,,Ostrava,Moravskoslezský kraj,Moravia-Silesia,Czechia,cz,0.9,0.9,© OpenStreetMap contributors,Open Database License,https://www.openstreetmap.org/copyright
4003,Chuzhou,China,32.3027377,118.3139455,"Chuzhou, Anhui, China",,,,,,,,Chuzhou,,Anhui,China,cn,1,1,© OpenStreetMap contributors,Open Database License,https://www.openstreetmap.org/copyright
4004,Siping,China,29.1961181,103.1494543,"Siping (Siping), Sichuan, China",,,Siping,,,,,Siping,Ebian Yi Autonomous County,Sichuan,China,cn,1,1,© OpenStreetMap contributors,Open Database License,https://www.openstreetmap.org/copyright
4005,Kuala Langat,Malaysia,2.8365619,101.4961821,"Kuala Langat, Selangor, Malaysia",Kuala Langat,,,,,,,,,Selangor,Malaysia,my,1,1,© OpenStreetMap contributors,Open Database License,https://www.openstreetmap.org/copyright
4006,Vaasa,Finland,63.0957722,21.6159187,"Vaasa, Mainland Finland, Finland",,,,,,,,Vaasa,Ostrobothnia,Mainland Finland,Finland,fi,1,1,© OpenStreetMap contributors,Open Database License,https://www.openstreetmap.org/copyright
4007,BROOKLYN,United States,41.7286464,-92.4455938,"Brooklyn, IA, United States of America",,,,,,IA,,Brooklyn,Poweshiek County,Iowa,United States,us,1,1,© OpenStreetMap contributors,Open Database License,https://www.openstreetmap.org/copyright
4008,Leon,Montenegro,42.782845,19.157424,Montenegro,,,Montenegro,,,,,,,,Montenegro,me,0.25,,Who's On First,CC0,https://www.whosonfirst.org/docs/licenses/
4009,Nishiuwa,Japan,36.13793,138.441899,Japan,,,Japan,,,,,,,,Japan,jp,0.25,,Who's On First,CC0,https://www.whosonfirst.org/docs/licenses/
4010,Najafabad,Iran,32.6350743,51.3636804,"Najaf Abad, Isfahan Province, Iran",,,,,,,,Najaf Abad,Najafabad County,Isfahan Province,Iran,ir,1,1,© OpenStreetMap contributors,Open Database License,https://www.openstreetmap.org/copyright
4011,Lafia,Nigeria,8.483333,8.516667,"Lafia, Nasarawa State, Nigeria",,,Lafia,,,,,Lafia,,Nasarawa State,Nigeria,ng,1,1,© OpenStreetMap contributors,Open Database License,https://www.openstreetmap.org/copyright
4012,Oye-Ekiti,Nigeria,7.79976,5.33242,"Oye-Ekiti, EK, Nigeria",,,,,,EK,,Oye-Ekiti,Oye,Ekiti,Nigeria,ng,1,1,Who's On First,CC0,https://www.whosonfirst.org/docs/licenses/
4013,Smithfield,United States,35.5111996,-78.346102,"Smithfield, NC, United States of America",,,,,,NC,,Smithfield,Johnston County,North Carolina,United States,us,1,1,© OpenStreetMap contributors,Open Database License,https://www.openstreetmap.org/copyright
4014,Jiaozuo,China,35.2075729,113.2533977,"Jiaozuo, 454000 Henan, China",,,Jiaozuo,,,,454000,Jiaozuo,,Henan,China,cn,1,1,© OpenStreetMap contributors,Open Database License,https://www.openstreetmap.org/copyright
4015,Kottayam,India,9.591564,76.5221599,"Kottayam - 686001, KL, India",,,Kottayam,,,KL,686001,Kottayam,Kottayam,Kerala,India,in,1,1,© OpenStreetMap contributors,Open Database License,https://www.openstreetmap.org/copyright
4016,Tralee,Ireland,52.2688257,-9.710929340995206,"Tralee Urban ED, County Kerry, Ireland",Tralee Urban ED,,,KY,,,,,County Kerry,Tralee Municipal District,Ireland,ie,0.81,0.81,© OpenStreetMap contributors,Open Database License,https://www.openstreetmap.org/copyright
4017,Nawabshah,Pakistan,26.2452915,68.4040229,"Nawabshah, SD, Pakistan",,,Nawabshah,,,SD,,Nawabshah,Shaheed Benazirabad District,Sindh,Pakistan,pk,1,1,© OpenStreetMap contributors,Open Database License,https://www.openstreetmap.org/copyright
4018,Viganello,Switzerland,46.0133003,8.9674303,"Viganello, Lugano, TI, Switzerland",Circolo di Lugano est,,Viganello,,Viganello,TI,6962,Lugano,Distretto di Lugano,Ticino,Switzerland,ch,1,1,© OpenStreetMap contributors,Open Database License,https://www.openstreetmap.org/copyright
4019,Ouargla,Algeria,31.94467,5.320958,"Ouargla, Algeria",,,,,,,,Ouargla,Ouargla District,Ouargla,Algeria,dz,1,1,© OpenStreetMap contributors,Open Database License,https://www.openstreetmap.org/copyright
4020,Bachok,Malaysia,6.0616322,102.4008505,"Bachok, Kelantan, Malaysia",Bachok,,Bachok,,,,16300,Bachok,,Kelantan,Malaysia,my,1,1,© OpenStreetMap contributors,Open Database License,https://www.openstreetmap.org/copyright
4021,Al-Khobar,Saudi Arabia,26.3039999,50.1960237,"Al Khubar 34436, Saudi Arabia",,,Al Khubar,,,,34436,Al Khubar,Khobar Governorate,Eastern Province,Saudi Arabia,sa,0.75,0.75,© OpenStreetMap contributors,Open Database License,https://www.openstreetmap.org/copyright
4022,Jiangxi,China,27.346253,110.2482991,"Jiangxi (Jiangxi), Hunan, China",,,Jiangxi,,,,,Jiangxi,Hongjiang,Hunan,China,cn,1,1,© OpenStreetMap contributors,Open Database License,https://www.openstreetmap.org/copyright
4023,Emeryville,United States,37.8314089,-122.2865266,"Emeryville, CA 94608, United States of America",,,,,,CA,94608,Emeryville,Alameda County,California,United States,us,1,1,© OpenStreetMap contributors,Open Database License,https://www.openstreetmap.org/copyright
4024,Forsinard,United Kingdom,58.3570281,-3.8980093,"Forsinard (Forsinard), KW13 6YT, United Kingdom",,,Forsinard,HLD,,SCT,KW13 6YT,Forsinard,Highland,Scotland,United Kingdom,gb,1,1,© OpenStreetMap contributors,Open Database License,https://www.openstreetmap.org/copyright
4025,Amberg,Germany,49.4454211,11.858728,"92224 Amberg, Germany",,,,,,,92224,Amberg,,Bavaria,Germany,de,1,1,© OpenStreetMap contributors,Open Database License,https://www.openstreetmap.org/copyright
4026,Le Bouveret,Switzerland,46.382908,6.8540248,"1897 Le Bouveret (Port-Valais), Switzerland",,,Le Bouveret,,,,1897,Port-Valais,Monthey,Wallis,Switzerland,ch,1,1,© OpenStreetMap contributors,Open Database License,https://www.openstreetmap.org/copyright
4027,Charbagh,Pakistan,34.6269593,72.9857939,"Charbagh (Charbagh), KP, Pakistan",,,Charbagh,,,KP,,Charbagh,Battagram District,Khyber Pakhtunkhwa,Pakistan,pk,1,1,© OpenStreetMap contributors,Open Database License,https://www.openstreetmap.org/copyright
4028,Upper Dir,Pakistan,35.2080144,71.8779773,"Dir, KP, Pakistan",,,Dir,,,KP,,Dir,Upper Dir District,Khyber Pakhtunkhwa,Pakistan,pk,0.9,0.9,© OpenStreetMap contributors,Open Database License,https://www.openstreetmap.org/copyright
4029,Karamay,China,45.5778068,84.8867252,"Karamay City, Xinjiang, China",,,,,,,,Karamay City,,Xinjiang,China,cn,1,1,© OpenStreetMap contributors,Open Database License,https://www.openstreetmap.org/copyright
4030,Wuhai,China,39.6533321,106.7893379,"Haibowan District, Wuhai, Inner Mongolia, China",Haibowan District,,Wuhai,,,,016000,Wuhai,,Inner Mongolia,China,cn,1,1,© OpenStreetMap contributors,Open Database License,https://www.openstreetmap.org/copyright
4031,Sao Luis,Brazil,-2.5295265,-44.2963942,"São Luís, MA, Brazil",,,,,,MA,,São Luís,Região Geográfica Intermediária de São Luís,Maranhão,Brazil,br,1,1,© OpenStreetMap contributors,Open Database License,https://www.openstreetmap.org/copyright
4032,Ilderton,Canada,43.0812001,-81.3751432,"Ilderton (Middlesex Centre), ON N0M 2A0, Canada",,,Ilderton,,,ON,N0M 2A0,Middlesex Centre,Middlesex County,Ontario,Canada,ca,1,1,© OpenStreetMap contributors,Open Database License,https://www.openstreetmap.org/copyright
4033,Albi,France,43.9277552,2.147899,"81000 Albi, France",,,,,,OCC,81000,Albi,Tarn,Occitania,France,fr,1,1,© OpenStreetMap contributors,Open Database License,https://www.openstreetmap.org/copyright
4034,Basovizza,Italy,45.641679,13.8632075,"34018 Basovizza / Bazovica (Trieste), Italy",,,Basovizza / Bazovica,TS,,,34018,Trieste,Trieste,Friuli-Venezia Giulia,Italy,it,0.9,0.9,© OpenStreetMap contributors,Open Database License,https://www.openstreetmap.org/copyright
4035,Malibu,United States,34.035591,-118.689423,"Malibu, CA 90263, United States of America",,,,,,CA,90263,Malibu,Los Angeles County,California,United States,us,1,1,© OpenStreetMap contributors,Open Database License,https://www.openstreetmap.org/copyright
4036,Rasipuram,India,11.461471,78.1854303,"Rasipuram, TN, India",,,Rasipuram,,,TN,,Rasipuram,Rasipuram,Tamil Nadu,India,in,1,1,© OpenStreetMap contributors,Open Database License,https://www.openstreetmap.org/copyright
4037,Chiavari,Italy,44.3164494,9.3233382,"16043 Chiavari, Italy",,,,GE,,LIG,16043,Chiavari,Genoa,Liguria,Italy,it,1,1,© OpenStreetMap contributors,Open Database License,https://www.openstreetmap.org/copyright
4038,Langfang,China,39.5302055,116.6926134,"Langfang, Hebei, China",,,,,,,,Langfang,,Hebei,China,cn,1,1,© OpenStreetMap contributors,Open Database License,https://www.openstreetmap.org/copyright
4039,Germantown,United States,38.5538072,-89.5382505,"Germantown, IL, United States of America",,,,,,IL,,Germantown,Clinton County,Illinois,United States,us,1,1,© OpenStreetMap contributors,Open Database License,https://www.openstreetmap.org/copyright
4040,Bernal,Argentina,-34.716571,-58.2977925,"Bernal, B, Argentina",,,,,,B,,Bernal,Partido de Quilmes,Buenos Aires,Argentina,ar,1,1,© OpenStreetMap contributors,Open Database License,https://www.openstreetmap.org/copyright
4041,San Rafael,United States,37.9747795,-122.5316686,"San Rafael, CA, United States of America",,,,,,CA,,San Rafael,Marin County,California,United States,us,1,1,© OpenStreetMap contributors,Open Database License,https://www.openstreetmap.org/copyright
4042,Sunnyvale,United States,37.3688301,-122.036349,"Sunnyvale, CA, United States of America",,,,,,CA,,Sunnyvale,Santa Clara County,California,United States,us,1,1,© OpenStreetMap contributors,Open Database License,https://www.openstreetmap.org/copyright
4043,Sanford,United States,35.4798757,-79.1802994,"Sanford, NC, United States of America",,,,,,NC,,Sanford,Lee County,North Carolina,United States,us,1,1,© OpenStreetMap contributors,Open Database License,https://www.openstreetmap.org/copyright
4044,North Wollongong,Australia,-34.4065791,150.8957366,"North Wollongong, Wollongong City Council, NSW, Australia",,,,,North Wollongong,NSW,2500,Wollongong City Council,,New South Wales,Australia,au,1,1,© OpenStreetMap contributors,Open Database License,https://www.openstreetmap.org/copyright
4045,Burlingame,United States,37.5780965,-122.3473099,"Burlingame, CA, United States of America",,,,,,CA,,Burlingame,San Mateo County,California,United States,us,1,1,© OpenStreetMap contributors,Open Database License,https://www.openstreetmap.org/copyright
4046,Redwood City,United States,37.4863239,-122.232523,"Redwood City, CA, United States of America",,,,,,CA,,Redwood City,San Mateo County,California,United States,us,1,1,© OpenStreetMap contributors,Open Database License,https://www.openstreetmap.org/copyright
4047,Alameda,United States,37.7652076,-122.241635,"Alameda, CA, United States of America",,,,,,CA,,Alameda,Alameda County,California,United States,us,1,1,© OpenStreetMap contributors,Open Database License,https://www.openstreetmap.org/copyright
4048,Tulln/Donau,Austria,48.3311686,16.0567744,"3430 Gemeinde Tulln an der Donau, Austria",,,,,,,3430,Gemeinde Tulln an der Donau,Bezirk Tulln,Lower Austria,Austria,at,0.7290000000000001,0.7290000000000001,© OpenStreetMap contributors,Open Database License,https://www.openstreetmap.org/copyright
4049,Matosinhos,Portugal,41.1806814,-8.6821998,"Matosinhos, Portugal",,,,,,,,Matosinhos,Porto,,Portugal,pt,1,1,© OpenStreetMap contributors,Open Database License,https://www.openstreetmap.org/copyright
4050,Shouguang,China,36.8762356,118.7322549,"Shouguang City, Shandong, China",,,,,,,,Shouguang City,,Shandong,China,cn,1,1,© OpenStreetMap contributors,Open Database License,https://www.openstreetmap.org/copyright
4051,Greenslopes,Australia,-27.5088321,153.0529626,"Greenslopes, Brisbane City, QLD, Australia",Greenslopes,,Greenslopes,,Greenslopes,QLD,4120,Brisbane City,,Queensland,Australia,au,1,1,© OpenStreetMap contributors,Open Database License,https://www.openstreetmap.org/copyright
4052,Muri,Switzerland,47.2756613,8.3377829,"5630 Muri, Switzerland",,,,,,AG,5630,Muri,Bezirk Muri,Aargau,Switzerland,ch,1,1,© OpenStreetMap contributors,Open Database License,https://www.openstreetmap.org/copyright
4053,Schenefeld,Germany,54.0484989,9.4703368,"25560 Schenefeld, Germany",,,,,,SH,25560,Schenefeld,Kreis Steinburg,Schleswig-Holstein,Germany,de,1,1,© OpenStreetMap contributors,Open Database License,https://www.openstreetmap.org/copyright
4054,"Jilin, Jilin",China,35.679842,105.601599,"Jilin (Jilin), Gansu, China",,,Jilin,,,,,Jilin,Jingning County,Gansu,China,cn,1,1,© OpenStreetMap contributors,Open Database License,https://www.openstreetmap.org/copyright
4055,Maynooth,Ireland,53.3830239,-6.5922806,"Maynooth, L, Ireland",,,Maynooth,KE,,L,,Maynooth,County Kildare,Leinster,Ireland,ie,1,1,© OpenStreetMap contributors,Open Database License,https://www.openstreetmap.org/copyright
4056,Qiqihar,China,47.3392424,123.9495373,"Longsha District, Qiqihar, Heilongjiang, China",Longsha District,,Qiqihar,,,,161000,Qiqihar,,Heilongjiang,China,cn,1,1,© OpenStreetMap contributors,Open Database License,https://www.openstreetmap.org/copyright
4057,Zaczernie,Poland,50.0929648,21.996049,"36-062 Zaczernie, Poland",,,,,,,36-062,Zaczernie,Rzeszów County,Subcarpathian Voivodeship,Poland,pl,1,1,© OpenStreetMap contributors,Open Database License,https://www.openstreetmap.org/copyright
4058,Marina del Rey,United States,33.9776848,-118.448647,"Marina del Rey, Los Angeles County, CA, United States of America",,,Marina del Rey,,Marina del Rey,CA,90292,,Los Angeles County,California,United States,us,1,1,© OpenStreetMap contributors,Open Database License,https://www.openstreetmap.org/copyright
4059,Karmiel,Israel,32.9159104,35.293429,"Karmiel, North District, Israel",,,,,,,,Karmiel,Acre Subdistrict,North District,Israel,il,1,1,© OpenStreetMap contributors,Open Database License,https://www.openstreetmap.org/copyright
4060,De Bilt,Netherlands,52.1445592,5.173777333788463,"De Bilt, UT, Netherlands",,,,,,UT,,De Bilt,,Utrecht,Netherlands,nl,1,1,© OpenStreetMap contributors,Open Database License,https://www.openstreetmap.org/copyright
4061,Dezhou,China,37.4363704,116.3534091,"Dezhou, Shandong, China",,,,,,,,Dezhou,,Shandong,China,cn,1,1,© OpenStreetMap contributors,Open Database License,https://www.openstreetmap.org/copyright
4062,Rostock/Greifswald,Germany,50.970097,9.687096,Germany,,,Germany,,,,,,,,Germany,de,0.25,,Who's On First,CC0,https://www.whosonfirst.org/docs/licenses/
4063,Ecully,France,45.7754498,4.7785644,"69130 Écully, France",,,,,,ARA,69130,Écully,Métropole de Lyon,Auvergne-Rhône-Alpes,France,fr,1,1,© OpenStreetMap contributors,Open Database License,https://www.openstreetmap.org/copyright
4064,Guangyuan,China,32.4329637,105.8563402,"Lizhou District, Guangyuan, Sichuan, China",Lizhou District,,Guangyuan,,,,,Guangyuan,,Sichuan,China,cn,1,1,© OpenStreetMap contributors,Open Database License,https://www.openstreetmap.org/copyright
4065,Bida,Nigeria,9.083333,6.016667,"Bida, Niger State, Nigeria",,,,,,,,Bida,,Niger State,Nigeria,ng,1,1,© OpenStreetMap contributors,Open Database License,https://www.openstreetmap.org/copyright
4066,Zunheboto,India,26.0150293,94.5288731,"Zunheboto, NL, India",,,Zunheboto,,,NL,,Zunheboto,Zunheboto Sadar,Nagaland,India,in,1,1,© OpenStreetMap contributors,Open Database License,https://www.openstreetmap.org/copyright
4067,Gandhigram,India,20.8617621,76.991331,"Gandhigram (Gandhigram), MH, India",,,Gandhigram,,,MH,,Gandhigram,Akola,Maharashtra,India,in,1,1,© OpenStreetMap contributors,Open Database License,https://www.openstreetmap.org/copyright
4068,Colton,United States,44.553292,-74.939804,"Colton, NY, United States of America",,,,,,NY,,Colton,Saint Lawrence County,New York,United States,us,1,1,© OpenStreetMap contributors,Open Database License,https://www.openstreetmap.org/copyright
4069,Strassen,Luxembourg,49.6196726,6.0721393,"Strassen, Luxembourg",,,,,,,,Strassen,Canton Luxembourg,,Luxembourg,lu,1,1,© OpenStreetMap contributors,Open Database License,https://www.openstreetmap.org/copyright
4070,Pforzheim,Germany,48.8908846,8.7029532,"Pforzheim, BW, Germany",,,,,,BW,,Pforzheim,,Baden-Württemberg,Germany,de,1,1,© OpenStreetMap contributors,Open Database License,https://www.openstreetmap.org/copyright
4071,Kaliakoir,Bangladesh,24.076599100000003,90.20992530000001,"Bangladesh Krishi Bank, Kaliakoir Branch, Gazipur, Old Dhaka-Tangail Road, Kaliakair -, Bangladesh",,Old Dhaka-Tangail Road,"Bangladesh Krishi Bank, Kaliakoir Branch, Gazipur",,,,,Kaliakair,Gazipur District,Dhaka Division,Bangladesh,bd,0.7999999999999999,0.7999999999999999,© OpenStreetMap contributors,Open Database License,https://www.openstreetmap.org/copyright
4072,Shepherdstown,United States,39.4300996,-77.804161,"Shepherdstown, WV 25443, United States of America",,,,,,WV,25443,Shepherdstown,Jefferson County,West Virginia,United States,us,1,1,© OpenStreetMap contributors,Open Database License,https://www.openstreetmap.org/copyright
4073,Cacador,Brazil,-26.7737784,-51.0134844,"Caçador, SC, Brazil",,,,,,SC,,Caçador,,Santa Catarina,Brazil,br,1,1,© OpenStreetMap contributors,Open Database License,https://www.openstreetmap.org/copyright
4074,Ituporanga,Brazil,-27.4096219,-49.6014812,"Ituporanga - SC, 88400-000, Brazil",,,,,,SC,88400-000,Ituporanga,,Santa Catarina,Brazil,br,1,1,© OpenStreetMap contributors,Open Database License,https://www.openstreetmap.org/copyright
4075,Brondby,Denmark,55.644111,12.4217135,"Brøndby Municipality, Denmark",,,,,Brøndby Municipality,,,,,Capital Region of Denmark,Denmark,dk,1,1,© OpenStreetMap contributors,Open Database License,https://www.openstreetmap.org/copyright
4076,Wachtberg,Germany,50.6435631,7.0882889,"53343 Wachtberg, Germany",,,,,,,53343,Wachtberg,Rhein-Sieg-Kreis,North Rhine-Westphalia,Germany,de,1,1,© OpenStreetMap contributors,Open Database License,https://www.openstreetmap.org/copyright
4077,Furth,Germany,48.5915163,12.0212216,"84095 Furth, Germany",,,,,,,84095,Furth,Landkreis Landshut,Bavaria,Germany,de,1,1,© OpenStreetMap contributors,Open Database License,https://www.openstreetmap.org/copyright
4078,Sana’a City,Yemen,15.32877575,44.22510131016612,"As Sabain District, Sana'a City, Amanat Al Asimah, Yemen",As Sabain District,,Sana'a City,,,,,Sana'a City,,Amanat Al Asimah,Yemen,ye,1,1,© OpenStreetMap contributors,Open Database License,https://www.openstreetmap.org/copyright
4079,Taicang,China,31.4590371,121.1264772,"Taicang, Jiangsu, China",,,,,,,,Taicang,,Jiangsu,China,cn,1,1,© OpenStreetMap contributors,Open Database License,https://www.openstreetmap.org/copyright
4080,Watertown,United States,42.3652518,-71.1843236,"Watertown, MA, United States of America",,,,,,MA,,Watertown,Middlesex County,Massachusetts,United States,us,1,1,© OpenStreetMap contributors,Open Database License,https://www.openstreetmap.org/copyright
4081,Jiangyin,China,31.9215518,120.2808847,"214400 Jiangsu, China",,,,,,,214400,Jiangyin City,,Jiangsu,China,cn,1,1,© OpenStreetMap contributors,Open Database License,https://www.openstreetmap.org/copyright
4082,Valencia,United States,40.674863,-79.988494,"Valencia (Valencia), PA, United States of America",,,,,,PA,,Valencia,Butler County,Pennsylvania,United States,us,1,1,© OpenStreetMap contributors,Open Database License,https://www.openstreetmap.org/copyright
4083,Dir (U),Pakistan,35.2080144,71.8779773,"Dir, KP, Pakistan",,,Dir,,,KP,,Dir,Upper Dir District,Khyber Pakhtunkhwa,Pakistan,pk,0.5,0.5,© OpenStreetMap contributors,Open Database License,https://www.openstreetmap.org/copyright
4084,Gatersleben,Germany,51.8252597,11.2877711,"06466 Gatersleben (Gatersleben), Germany",,,Gatersleben,,,,06466,Gatersleben,Salzlandkreis,Saxony-Anhalt,Germany,de,1,1,© OpenStreetMap contributors,Open Database License,https://www.openstreetmap.org/copyright
4085,Sabzevar,Iran,36.2134053,57.6808799,"بخش مرکزی شهرستان سبزوار, Sabzevar, Razavi Khorasan, Iran",بخش مرکزی شهرستان سبزوار,,,,,,,Sabzevar,Sabzevar County,Razavi Khorasan,Iran,ir,1,1,© OpenStreetMap contributors,Open Database License,https://www.openstreetmap.org/copyright
4086,Temple,United States,31.098207,-97.3427847,"Temple, TX, United States of America",,,,,,TX,,Temple,Bell County,Texas,United States,us,1,1,© OpenStreetMap contributors,Open Database License,https://www.openstreetmap.org/copyright
4087,Civitavecchia,Italy,42.0937524,11.7922462,"00053 Civitavecchia, Italy",,,,,,LAZ,00053,Civitavecchia,Roma Capitale,Lazio,Italy,it,1,1,© OpenStreetMap contributors,Open Database License,https://www.openstreetmap.org/copyright
4088,Anavyssos,Greece,37.7375619,23.9521915,"190 13 Ανάβυσσος (Anavissos Municipal Unit), Greece",,,Ανάβυσσος,,,,190 13,Anavissos Municipal Unit,Regional Unit of East Attica,Attica,Greece,gr,0.4536,0.4536,© OpenStreetMap contributors,Open Database License,https://www.openstreetmap.org/copyright
4089,Toledo,United States,41.6529143,-83.5378173,"Toledo, OH, United States of America",,,,,,OH,,Toledo,Lucas County,Ohio,United States,us,1,1,© OpenStreetMap contributors,Open Database License,https://www.openstreetmap.org/copyright
4090,North Bethesda,United States,39.0461292,-77.1130097,"North Bethesda, MD, United States of America",,,North Bethesda,,,MD,,North Bethesda,Montgomery County,Maryland,United States,us,1,1,© OpenStreetMap contributors,Open Database License,https://www.openstreetmap.org/copyright
4091,Princeton Junction,United States,40.3173301,-74.6198791,"Princeton Junction (West Windsor), NJ 08537, United States of America",,,Princeton Junction,,,NJ,08537,West Windsor,Mercer County,New Jersey,United States,us,1,1,© OpenStreetMap contributors,Open Database License,https://www.openstreetmap.org/copyright
4092,Ottawa,United States,41.3516628,-88.845436,"Ottawa, IL 61350, United States of America",,,,,,IL,61350,Ottawa,LaSalle County,Illinois,United States,us,1,1,© OpenStreetMap contributors,Open Database License,https://www.openstreetmap.org/copyright
4093,Gwacheon,South Korea,37.4289037,126.9881655,"Gwacheon-si, South Korea",,,,,,,,Gwacheon-si,Gyeonggi,,South Korea,kr,1,1,© OpenStreetMap contributors,Open Database License,https://www.openstreetmap.org/copyright
4094,Antalya,Turkey,36.8864752,30.7029585,"07386 Muratpaşa (Antalya), Turkey",,,Antalya,,,,07386,Antalya,Antalya,Mediterranean Region,Turkey,tr,1,1,© OpenStreetMap contributors,Open Database License,https://www.openstreetmap.org/copyright
4095,Suitland,United States,38.848724,-76.9238625,"Suitland, MD 20233, United States of America",,,Suitland,,,MD,20233,Suitland,Prince George's County,Maryland,United States,us,1,1,© OpenStreetMap contributors,Open Database License,https://www.openstreetmap.org/copyright
4096,Schlieren,Switzerland,47.3965147,8.4444861,"8952 Schlieren, Switzerland",,,,,,,8952,Schlieren,Bezirk Dietikon,Zurich,Switzerland,ch,1,1,© OpenStreetMap contributors,Open Database License,https://www.openstreetmap.org/copyright
4097,Centre Ville,Tunisia,36.4522902,10.7318254,"Centre-Ville, نيابوليس, Tunisia",Centre-Ville,,Centre-Ville,,,,8000,,نيابوليس,Nabeul,Tunisia,tn,1,1,© OpenStreetMap contributors,Open Database License,https://www.openstreetmap.org/copyright
4098,Balasore,India,21.5017098,86.9216712,"Balasore - 756001, OR, India",,,Balasore,,,OR,756001,Balasore,Baleshwar (M),Odisha,India,in,1,1,© OpenStreetMap contributors,Open Database License,https://www.openstreetmap.org/copyright
4099,Kamakura,Japan,35.329564,139.54442,"Kamakura, Japan",,,,,,,,Kamakura,Kanagawa Prefecture,,Japan,jp,1,1,© OpenStreetMap contributors,Open Database License,https://www.openstreetmap.org/copyright
4100,Akiruno,Japan,35.731042,139.217028,"Akiruno, Japan",,,,,,,,Akiruno,,,Japan,jp,1,1,© OpenStreetMap contributors,Open Database License,https://www.openstreetmap.org/copyright
4101,Daqing,China,46.5969028,125.1014811,"Sartu District, Daqing, Heilongjiang, China",Sartu District,,Daqing,,,,,Daqing,,Heilongjiang,China,cn,1,1,© OpenStreetMap contributors,Open Database License,https://www.openstreetmap.org/copyright
4102,Swift Current,Canada,50.2849138,-107.7984496,"Swift Current, SK, Canada",,,,,,SK,,Swift Current,Swift Current,Saskatchewan,Canada,ca,1,1,© OpenStreetMap contributors,Open Database License,https://www.openstreetmap.org/copyright
4103,Morden,Canada,49.1927055,-98.1014567,"Morden, MB, Canada",,,,,,MB,,Morden,Division No. 3,Manitoba,Canada,ca,1,1,© OpenStreetMap contributors,Open Database License,https://www.openstreetmap.org/copyright
4104,Castelar,Argentina,-34.6555638,-58.6425128,"Castelar, B, Argentina",,,,,,B,,Castelar,Partido de Morón,Buenos Aires,Argentina,ar,1,1,© OpenStreetMap contributors,Open Database License,https://www.openstreetmap.org/copyright
4105,Shirley,United Kingdom,52.4112249,-1.8277304,"Shirley, B90 3FX, United Kingdom",,,Shirley,,,ENG,B90 3FX,Shirley,West Midlands Combined Authority,England,United Kingdom,gb,1,1,© OpenStreetMap contributors,Open Database License,https://www.openstreetmap.org/copyright
4106,Ibri,Oman,23.2178676,56.4921938,"Ibri, Ad Dhahirah Governorate, Oman",,,Ibri,,,,,Ibri,,Ad Dhahirah Governorate,Oman,om,1,1,© OpenStreetMap contributors,Open Database License,https://www.openstreetmap.org/copyright
4107,Thatcher,United States,32.8492323,-109.759247,"Thatcher, AZ 85552, United States of America",,,,,,AZ,85552,Thatcher,Graham County,Arizona,United States,us,1,1,© OpenStreetMap contributors,Open Database License,https://www.openstreetmap.org/copyright
4108,Tabora,Tanzania,-5.0202431,32.8097724,"45102 Tabora, Tabora Region, Tanzania",,,Tabora,,,,45102,Tabora,Tabora Muncipal,Tabora Region,Tanzania,tz,1,1,© OpenStreetMap contributors,Open Database License,https://www.openstreetmap.org/copyright
4109,Changde,China,29.034552,111.6928724,"Changde, Hunan, China",,,,,,,,Changde,,Hunan,China,cn,1,1,© OpenStreetMap contributors,Open Database License,https://www.openstreetmap.org/copyright
4110,Gimcheon-si,South Korea,36.1398035,128.1139534,"Gimcheon-si, 39547, South Korea",,,Gimcheon-si,,,,39547,Gimcheon-si,Gimcheon-si,,South Korea,kr,1,1,© OpenStreetMap contributors,Open Database License,https://www.openstreetmap.org/copyright
4111,Marina,United States,36.6900986,-121.80062933026213,"Marina, CA 93933, United States of America",,,,,,CA,93933,Marina,Monterey County,California,United States,us,1,1,© OpenStreetMap contributors,Open Database License,https://www.openstreetmap.org/copyright
4112,Aksu,China,41.1686701,80.2581875,"Aksu City, Xinjiang, China",,,,,,,,Aksu City,,Xinjiang,China,cn,1,1,© OpenStreetMap contributors,Open Database License,https://www.openstreetmap.org/copyright
4113,Varennes,Canada,45.6834691,-73.4362737,"Varennes, QC, Canada",,,,,,QC,,Varennes,Marguerite-D'Youville,Quebec,Canada,ca,1,1,© OpenStreetMap contributors,Open Database License,https://www.openstreetmap.org/copyright
4114,Vom,Nigeria,9.6666095,8.7333418,"Vom, Jos South, Nigeria",,,Vom,,,,,,Jos South,Plateau State,Nigeria,ng,1,1,© OpenStreetMap contributors,Open Database License,https://www.openstreetmap.org/copyright
4115,Starnberg,Germany,48.0001038,11.3508972,"82319 Starnberg, Germany",,,,,,,82319,Starnberg,Landkreis Starnberg,Bavaria,Germany,de,1,1,© OpenStreetMap contributors,Open Database License,https://www.openstreetmap.org/copyright
4116,Prairie View,United States,30.0857916,-95.9907058,"Prairie View, TX 77446, United States of America",,,,,,TX,77446,Prairie View,Waller County,Texas,United States,us,1,1,© OpenStreetMap contributors,Open Database License,https://www.openstreetmap.org/copyright
4117,Badr,Egypt,30.142806,31.742824,"Badr, 11829, Egypt",,,Badr,,,,11829,Badr,,Cairo,Egypt,eg,1,1,© OpenStreetMap contributors,Open Database License,https://www.openstreetmap.org/copyright
4118,Jambi,Indonesia,-1.6296917,103.6077806,"Jambi, Indonesia",,,,,,,,Jambi,,Jambi,Indonesia,id,1,1,© OpenStreetMap contributors,Open Database License,https://www.openstreetmap.org/copyright
4119,Pruhonice,Czech Republic,49.9952056,14.564819030506728,"Průhonice, Central Bohemia, Czechia",,,,,Průhonice,,252 43,Průhonice,,Central Bohemia,Czechia,cz,1,1,© OpenStreetMap contributors,Open Database License,https://www.openstreetmap.org/copyright
4120,Farnham,United Kingdom,54.0408064,-1.4684412,"Farnham, ENG, United Kingdom",,,,NYK,,ENG,,Farnham,North Yorkshire,England,United Kingdom,gb,1,1,© OpenStreetMap contributors,Open Database License,https://www.openstreetmap.org/copyright
4121,Birkenfeld,Germany,49.6488236,7.1647477,"Birkenfeld, Rhineland-Palatinate, Germany",,,,,,,,Birkenfeld,Landkreis Birkenfeld,Rhineland-Palatinate,Germany,de,1,1,© OpenStreetMap contributors,Open Database License,https://www.openstreetmap.org/copyright
4122,Jiutepec,Mexico,18.8817229,-99.1767029,"62550 Jiutepec, MOR, Mexico",,,Jiutepec,,,MOR,62550,Jiutepec,Jiutepec,Morelos,Mexico,mx,1,1,© OpenStreetMap contributors,Open Database License,https://www.openstreetmap.org/copyright
4123,"Xigatse, Tibet",China,29.25,88.88333,"Xigatse, Tibet, China",,,,,,,,Xigatse,Rikaze,Tibet,China,cn,0.5,0.5,Who's On First,CC0,https://www.whosonfirst.org/docs/licenses/
4124,Ramnagar,India,32.8061212,75.3113517,"Ramnagar - 182122, JK, India",,,Ramnagar,,,JK,182122,Ramnagar,Ramnagar,Jammu and Kashmir,India,in,1,1,© OpenStreetMap contributors,Open Database License,https://www.openstreetmap.org/copyright
4125,Santa Rosa,United States,38.4404925,-122.7141049,"Santa Rosa, CA, United States of America",,,,,,CA,,Santa Rosa,Sonoma County,California,United States,us,1,1,© OpenStreetMap contributors,Open Database License,https://www.openstreetmap.org/copyright
4126,Arlington Heights,United States,42.0811563,-87.9802164,"Arlington Heights, IL, United States of America",,,,,,IL,,Arlington Heights,Cook County,Illinois,United States,us,1,1,© OpenStreetMap contributors,Open Database License,https://www.openstreetmap.org/copyright
4127,Alfred,United States,42.2542334,-77.7906062,"Alfred, NY 14802, United States of America",,,,,,NY,14802,Alfred,Allegany County,New York,United States,us,1,1,© OpenStreetMap contributors,Open Database License,https://www.openstreetmap.org/copyright
4128,Icheon,South Korea,37.2808823,127.4429132,"Icheon-si, South Korea",,,,,,,,Icheon-si,Gyeonggi,,South Korea,kr,1,1,© OpenStreetMap contributors,Open Database License,https://www.openstreetmap.org/copyright
4129,Erechim,Brazil,-27.6350709,-52.2738654,"Erechim, RS, Brazil",,,,,,RS,,Erechim,Região Geográfica Intermediária de Passo Fundo,Rio Grande do Sul,Brazil,br,1,1,© OpenStreetMap contributors,Open Database License,https://www.openstreetmap.org/copyright
4130,Gumushane,Turkey,41.12097,41.95019,"Gumushane, Artvin, Turkey",,,,,,,,Gumushane,Ardanuç,Artvin,Turkey,tr,1,1,Who's On First,CC0,https://www.whosonfirst.org/docs/licenses/
4131,Mineola,United States,40.7492678,-73.6406845,"Mineola, NY 11501, United States of America",,,,,,NY,11501,Mineola,Nassau County,New York,United States,us,1,1,© OpenStreetMap contributors,Open Database License,https://www.openstreetmap.org/copyright
4132,Maanshan,China,34.6383799,79.0973186,"Maanshan, Hotan County, 848000 Xinjiang, China",,,Maanshan,,,,848000,,Hotan County,Xinjiang,China,cn,1,1,© OpenStreetMap contributors,Open Database License,https://www.openstreetmap.org/copyright
4133,Koszalin,Poland,54.19092,16.17707,"Koszalin, West Pomeranian Voivodeship, Poland",,,,,,,,Koszalin,,West Pomeranian Voivodeship,Poland,pl,1,1,© OpenStreetMap contributors,Open Database License,https://www.openstreetmap.org/copyright
4134,New Mansoura,Egypt,31.3326401,31.7186431,"Damietta, Ras Al Bar Road, New Damietta, 34611, Egypt",,"Damietta, Ras Al Bar Road","Damietta, Ras Al Bar Road",,,,34611,New Damietta,,Damietta,Egypt,eg,0,,© OpenStreetMap contributors,Open Database License,https://www.openstreetmap.org/copyright
4135,Maynard,United States,44.9069025,-95.4689074,"Maynard, MN, United States of America",,,,,,MN,,Maynard,Chippewa County,Minnesota,United States,us,1,1,© OpenStreetMap contributors,Open Database License,https://www.openstreetmap.org/copyright
4136,Baddi,India,30.9339975,76.8063071,"Baddi - 173205, HP, India",,,Baddi,,,HP,173205,Baddi,Baddi,Himachal Pradesh,India,in,1,1,© OpenStreetMap contributors,Open Database License,https://www.openstreetmap.org/copyright
4137,Khoy,Iran,38.5504343,44.95354,"بخش مرکزی, Khoy, West Azerbaijan Province, Iran",بخش مرکزی,,,,,,58139-68197,Khoy,Khoy County,West Azerbaijan Province,Iran,ir,1,1,© OpenStreetMap contributors,Open Database License,https://www.openstreetmap.org/copyright
4138,Patzcuaro,Mexico,19.5136796,-101.6099596,"61600 Pátzcuaro, MIC, Mexico",,,Pátzcuaro,,,,61600,Pátzcuaro,Pátzcuaro,Michoacán,Mexico,mx,1,1,© OpenStreetMap contributors,Open Database License,https://www.openstreetmap.org/copyright
4139,Lishui,China,28.4704064,119.9184297,"Lishui, Zhejiang, China",,,,,,,,Lishui,,Zhejiang,China,cn,1,1,© OpenStreetMap contributors,Open Database License,https://www.openstreetmap.org/copyright
4140,Neuruppin,Germany,52.9243859,12.8092919,"Neuruppin, BB, Germany",,,,,,BB,,Neuruppin,Ostprignitz-Ruppin,Brandenburg,Germany,de,1,1,© OpenStreetMap contributors,Open Database License,https://www.openstreetmap.org/copyright
4141,Geumsan,South Korea,36.209449,128.009811,"geumsan, Chupungnyeong-myeon, 29120, South Korea",,,geumsan,,,,29120,Chupungnyeong-myeon,Yeongdong-gun,,South Korea,kr,1,1,© OpenStreetMap contributors,Open Database License,https://www.openstreetmap.org/copyright
4142,Yesan,South Korea,36.6786101,126.8462899,"Yesan-eup, 32436, South Korea",,,Yesan-eup,,,,32436,Yesan-eup,Yesan-gun,,South Korea,kr,0.9,0.9,© OpenStreetMap contributors,Open Database License,https://www.openstreetmap.org/copyright
4143,Hosaena,Ethiopia,7.5501651,37.8528153,"Hossana, Central Ethiopia Regional State, Ethiopia",,,Hossana,,,,,Hossana,Hadiya,Central Ethiopia Regional State,Ethiopia,et,0.6428571428571429,0.6428571428571429,© OpenStreetMap contributors,Open Database License,https://www.openstreetmap.org/copyright
4144,Bhakkar,Pakistan,31.6303103,71.0676914,"Bhakkar District, Bhakkar, PB, Pakistan",Bhakkar District,,Bhakkar,,,PB,,Bhakkar,Mianwali Division,Punjab,Pakistan,pk,1,1,© OpenStreetMap contributors,Open Database License,https://www.openstreetmap.org/copyright
4145,Gyor,Hungary,47.687609,17.6346815,"Gyor, Western Transdanubia, Hungary",,,,,,,,Gyor,Győr-Moson-Sopron,Western Transdanubia,Hungary,hu,1,1,© OpenStreetMap contributors,Open Database License,https://www.openstreetmap.org/copyright
4146,Songyuan,China,24.8930214,97.8868497,"Songyuan, 665000 Yunnan, China",,,Songyuan,,,,665000,Songyuan,Yingjiang County,Yunnan,China,cn,1,1,© OpenStreetMap contributors,Open Database License,https://www.openstreetmap.org/copyright
4147,Abadan,Iran,30.3636097,48.2591475,"بخش مرکزی شهرستان آبادان, Abadan, Khuzestan Province, Iran",بخش مرکزی شهرستان آبادان,,,,,,,Abadan,Abadan County,Khuzestan Province,Iran,ir,1,1,© OpenStreetMap contributors,Open Database License,https://www.openstreetmap.org/copyright
4148,"Asaluyeh, Bushehr",Iran,28.9684,50.8385,"Bushehr, Iran",,,,,,,,Bushehr,Bushehr,Bushehr,Iran,ir,0.5,0.5,Who's On First,CC0,https://www.whosonfirst.org/docs/licenses/
4149,Riffa,Bahrain,26.1315261,50.5503431,"Riffa 912, Bahrain",,,Riffa,,,,912,Riffa,,Southern Governorate,Bahrain,bh,1,1,© OpenStreetMap contributors,Open Database License,https://www.openstreetmap.org/copyright
4150,Union,United States,42.2448559,-93.0642491,"Union, IA, United States of America",,,,,,IA,,Union,Hardin County,Iowa,United States,us,1,1,© OpenStreetMap contributors,Open Database License,https://www.openstreetmap.org/copyright
4151,Punjab,Pakistan,31,72,"Punjab, Pakistan",,,,,,PB,,,,Punjab,Pakistan,pk,0.5,,© OpenStreetMap contributors,Open Database License,https://www.openstreetmap.org/copyright
4152,Monterey,United States,36.600256,-121.8946388,"Monterey, CA, United States of America",,,,,,CA,,Monterey,Monterey County,California,United States,us,1,1,© OpenStreetMap contributors,Open Database License,https://www.openstreetmap.org/copyright
4153,Kushtia,Bangladesh,23.8987955,89.1295536,"Kushtia - 7001, Bangladesh",,,Kushtia,,,,7001,Kushtia,Kushtia District,Khulna Division,Bangladesh,bd,1,1,© OpenStreetMap contributors,Open Database License,https://www.openstreetmap.org/copyright
4154,Aarhus N,Denmark,56.2309233,10.1239891,"Aarhus N, Nordjyske Motorvej, 8380 Aarhus, Denmark",,Nordjyske Motorvej,Aarhus N,,,,8380,Aarhus,,Central Denmark Region,Denmark,dk,0.9,0.9,© OpenStreetMap contributors,Open Database License,https://www.openstreetmap.org/copyright
4155,Kakinada,India,16.9437385,82.2350607,"Kakinada - 533001, AP, India",,,Kakinada,,,AP,533001,Kakinada,Kakinada (Urban),Andhra Pradesh,India,in,1,1,© OpenStreetMap contributors,Open Database License,https://www.openstreetmap.org/copyright
4156,Zilina,Slovakia,49.2234674,18.7393139,"Žilina, Slovakia",,,,,,,,Žilina,District of Žilina,Region of Žilina,Slovakia,sk,1,1,© OpenStreetMap contributors,Open Database License,https://www.openstreetmap.org/copyright
4157,Ramnicu Valcea,Romania,45.1031731,24.3647209,"Râmnicu Vâlcea, Romania",,,,,,,,Râmnicu Vâlcea,Vâlcea,,Romania,ro,1,1,© OpenStreetMap contributors,Open Database License,https://www.openstreetmap.org/copyright
4158,Sha-Lu,Taiwan,24.2371296,120.5573677,"Shalu, Zhongzheng Street, Shalu District, Taichung 43350, Taiwan",Shalu Village,Zhongzheng Street,Shalu,,Shalu District,,43350,Taichung,,,Taiwan,tw,1,1,© OpenStreetMap contributors,Open Database License,https://www.openstreetmap.org/copyright
4159,Attock,Pakistan,33.7695323,72.3610911,"Attock 43600, Pakistan",,,Attock,,,PB,43600,Attock,Attock District,Punjab,Pakistan,pk,1,1,© OpenStreetMap contributors,Open Database License,https://www.openstreetmap.org/copyright
4160,Fullerton,United States,33.8708215,-117.929416,"Fullerton, CA, United States of America",,,,,,CA,,Fullerton,Orange County,California,United States,us,1,1,© OpenStreetMap contributors,Open Database License,https://www.openstreetmap.org/copyright
4161,Chermside,Australia,-27.384991,153.03332196196595,"Chermside, Brisbane City, QLD, Australia",Chermside,,,,,QLD,4032,Brisbane City,,Queensland,Australia,au,1,1,© OpenStreetMap contributors,Open Database License,https://www.openstreetmap.org/copyright
4162,Halden,Norway,59.0680555,11.537191002239753,"Halden, Norway",,,,,,,,Halden,Østfold,,Norway,no,1,1,© OpenStreetMap contributors,Open Database License,https://www.openstreetmap.org/copyright
4163,Skedsmokorset,Norway,60.0045847,11.0327923,"2020 Skedsmokorset (Skedsmokorset), Norway",,,Skedsmokorset,,,,2020,Skedsmokorset,Akershus,,Norway,no,1,1,© OpenStreetMap contributors,Open Database License,https://www.openstreetmap.org/copyright
4164,San Miniato,Italy,43.6797502,10.8500949,"San Miniato, Tuscany, Italy",,,,PI,,,,San Miniato,Pisa,Tuscany,Italy,it,1,1,© OpenStreetMap contributors,Open Database License,https://www.openstreetmap.org/copyright
4165,"Niguarda, Milano",Italy,45.5155078,9.1942367,"Niguarda, Milan, Lombardy, Italy",,,Niguarda,,Niguarda,,20162,Milan,Milan,Lombardy,Italy,it,0.5,0.5,© OpenStreetMap contributors,Open Database License,https://www.openstreetmap.org/copyright
4166,Bruderholz,Switzerland,47.5307985,7.5916242,"Bruderholz, Basel, Basel-City, Switzerland",,,,,Bruderholz,,4059,Basel,,Basel-City,Switzerland,ch,1,1,© OpenStreetMap contributors,Open Database License,https://www.openstreetmap.org/copyright
4167,Forchheim,Germany,49.7187319,11.0595749,"91301 Forchheim, Germany",,,,,,,91301,Forchheim,Landkreis Forchheim,Bavaria,Germany,de,1,1,© OpenStreetMap contributors,Open Database License,https://www.openstreetmap.org/copyright
4168,Slagelse,Denmark,55.4061196,11.3525415,"4200 Slagelse, Denmark",,,Slagelse,,,,4200,Slagelse,,Region Zealand,Denmark,dk,1,1,© OpenStreetMap contributors,Open Database License,https://www.openstreetmap.org/copyright
4169,Chittorgarh,India,24.8837157,74.6244155,"Chittorgarh - 312001, RJ, India",,,Chittorgarh,,,RJ,312001,Chittorgarh,Chittaurgarh Tehsil,Rajasthan,India,in,1,1,© OpenStreetMap contributors,Open Database License,https://www.openstreetmap.org/copyright
4170,Katsina,Nigeria,10.4599,12.163,"Bwala, Marama Kidang, Borno State, Nigeria",,,Bwala,,,,,Marama Kidang,Hawul,Borno State,Nigeria,ng,0.25,0.25,© OpenStreetMap contributors,Open Database License,https://www.openstreetmap.org/copyright
4171,Zhucheng,China,24.2710762,110.6756437,"Zhucheng (Zhucheng), Guangxi, China",,,Zhucheng,,,,,Zhucheng,Zhaoping County,Guangxi,China,cn,1,1,© OpenStreetMap contributors,Open Database License,https://www.openstreetmap.org/copyright
4172,Namhae,South Korea,34.838547,127.8936556,"Namhae-eup, 52420, South Korea",,,,,,,52420,Namhae-eup,Namhae-gun,,South Korea,kr,0.9,0.9,© OpenStreetMap contributors,Open Database License,https://www.openstreetmap.org/copyright
4173,Aizawl,India,23.7433532,92.7382756,"Aizawl - 796190, MZ, India",,,Aizawl,,,MZ,796190,Aizawl,Tlangnuam,Mizoram,India,in,1,1,© OpenStreetMap contributors,Open Database License,https://www.openstreetmap.org/copyright
4174,Pawtucket,United States,41.8789531,-71.3821203,"Pawtucket, RI, United States of America",,,,,,RI,,Pawtucket,Providence County,Rhode Island,United States,us,1,1,© OpenStreetMap contributors,Open Database License,https://www.openstreetmap.org/copyright
4175,Saveh,Iran,35.0196331,50.3652364,"Central District of Saveh County, Saveh, Markazi Province, Iran",Central District of Saveh County,,,,,,,Saveh,Saveh County,Markazi Province,Iran,ir,1,1,© OpenStreetMap contributors,Open Database License,https://www.openstreetmap.org/copyright
4176,Falun,Sweden,60.6070068,15.6323059,"791 30 Falun, Sweden",,,Falun,,,,791 30,Falun,Dalarna County,,Sweden,se,1,1,© OpenStreetMap contributors,Open Database License,https://www.openstreetmap.org/copyright
4177,Evry,France,48.26406,3.25604,"89140 Évry, France",,,,,,BFC,89140,Évry,Yonne,Bourgogne-Franche-Comté,France,fr,1,1,© OpenStreetMap contributors,Open Database License,https://www.openstreetmap.org/copyright
4178,Tsing Yi Island,Hong Kong,22.35,114.1,"Kwai Tsing District, New Territories, Hong Kong S.A.R.",,,,,,,,Kwai Tsing District,Kwai Tsing,New Territories,Hong Kong S.A.R.,hk,0.25,0.25,Who's On First,CC0,https://www.whosonfirst.org/docs/licenses/
4179,Anand,India,22.5586555,72.9627227,"Anand - 388001, GJ, India",,,Anand,,,GJ,388001,Anand,Anand City Taluka,Gujarat,India,in,1,1,© OpenStreetMap contributors,Open Database License,https://www.openstreetmap.org/copyright
4180,Sankt Polten,Austria,48.2043985,15.6229118,"St. Pölten, Lower Austria, Austria",,,,,,,,St. Pölten,,Lower Austria,Austria,at,1,1,© OpenStreetMap contributors,Open Database License,https://www.openstreetmap.org/copyright
4181,Koronadal City,Philippines,6.5004067,124.8435427,"Koronadal, 9506 South Cotabato, Philippines",,,,,,,9506,Koronadal,,South Cotabato,Philippines,ph,0.9,0.9,© OpenStreetMap contributors,Open Database License,https://www.openstreetmap.org/copyright
4182,Rajgir,India,25.0299973,85.4207368,"Rajgir - 803117, BR, India",,,,,,BR,803117,Rajgir,Nalanda District,Bihar,India,in,1,1,© OpenStreetMap contributors,Open Database License,https://www.openstreetmap.org/copyright
4183,Deoghar,India,24.4898318,86.6990182,"Deoghar - 814112, JH, India",,,Deoghar,,,JH,814112,Deoghar,Deoghar,Jharkhand,India,in,1,1,© OpenStreetMap contributors,Open Database License,https://www.openstreetmap.org/copyright
4184,Howrah,India,22.5736296,88.3251045,"Howrah, WB, India",,,,,,WB,,Howrah,Howrah District,West Bengal,India,in,1,1,© OpenStreetMap contributors,Open Database License,https://www.openstreetmap.org/copyright
4185,Huizhou,China,23.1146515,114.4107202,"Huizhou, Guangdong Province, China",,,,,,,,Huizhou,,Guangdong Province,China,cn,1,1,© OpenStreetMap contributors,Open Database License,https://www.openstreetmap.org/copyright
4186,Pleasant Hill,United States,38.794218,-94.24767233975314,"Pleasant Hill, MO, United States of America",,,,,,MO,,Pleasant Hill,Cass County,Missouri,United States,us,1,1,© OpenStreetMap contributors,Open Database License,https://www.openstreetmap.org/copyright
4187,Jishou,China,28.265262,109.6938658,"Jishou, Hunan, China",,,Jishou,,,,,Jishou,Jishou,Hunan,China,cn,1,1,© OpenStreetMap contributors,Open Database License,https://www.openstreetmap.org/copyright
4188,Hermiston,United States,45.8404101,-119.28946,"Hermiston, OR 97838, United States of America",,,,,,OR,97838,Hermiston,Umatilla County,Oregon,United States,us,1,1,© OpenStreetMap contributors,Open Database License,https://www.openstreetmap.org/copyright
4189,Xinhua,China,27.7296662,111.3219045,"Xinhua, 417625 Hunan, China",,,Xinhua,,,,417625,Xinhua,,Hunan,China,cn,1,1,© OpenStreetMap contributors,Open Database License,https://www.openstreetmap.org/copyright
4190,Nowshera,Pakistan,34.0155606,71.981283,"Nowshera, KP, Pakistan",,,Nowshera,,,KP,,Nowshera,Nowshera District,Khyber Pakhtunkhwa,Pakistan,pk,1,1,© OpenStreetMap contributors,Open Database License,https://www.openstreetmap.org/copyright
4191,Visselhovede,Germany,52.9849747,9.5777771,"27374 Visselhövede, Germany",,,,,,,27374,Visselhövede,Landkreis Rotenburg (Wümme),Lower Saxony,Germany,de,1,1,© OpenStreetMap contributors,Open Database License,https://www.openstreetmap.org/copyright
4192,Aberdeen,United States,46.975371,-123.815722,"Aberdeen, WA, United States of America",,,,,,WA,,Aberdeen,Grays Harbor County,Washington,United States,us,1,1,© OpenStreetMap contributors,Open Database License,https://www.openstreetmap.org/copyright
4193,Kairouan,Tunisia,35.6710101,10.10062,"3172 Kairouan, Tunisia",,,Kairouan,,,,3172,Kairouan,القبلية الجنوبية,Kairouan,Tunisia,tn,1,1,© OpenStreetMap contributors,Open Database License,https://www.openstreetmap.org/copyright
4194,Valldoreix,Spain,41.4599073,2.050516,"Valldoreix, Sant Cugat del Vallès, Catalonia, Spain",Valldoreix,,Valldoreix,B,,,08197,Sant Cugat del Vallès,Vallès Occidental,Catalonia,Spain,es,1,1,© OpenStreetMap contributors,Open Database License,https://www.openstreetmap.org/copyright
4195,Zielona Gora,Poland,51.9383777,15.5050408,"Zielona Góra, Lubusz Voivodeship, Poland",,,,,,,,Zielona Góra,,Lubusz Voivodeship,Poland,pl,1,1,© OpenStreetMap contributors,Open Database License,https://www.openstreetmap.org/copyright
4196,Zittau,Germany,50.8960964,14.8064807,"Zittau, Saxony, Germany",,,,,,,,Zittau,Görlitz - Zhorjelc,Saxony,Germany,de,1,1,© OpenStreetMap contributors,Open Database License,https://www.openstreetmap.org/copyright
4197,Holdorf,Germany,53.729888,11.0629474,"Holdorf, MV, Germany",,,,,,MV,,Holdorf,Nordwestmecklenburg,Mecklenburg-Vorpommern,Germany,de,1,1,© OpenStreetMap contributors,Open Database License,https://www.openstreetmap.org/copyright
4198,Maringa,Brazil,-23.425269,-51.9382078,"Maringá, PR, Brazil",,,,,,PR,,Maringá,Região Geográfica Intermediária de Maringá,Paraná,Brazil,br,1,1,© OpenStreetMap contributors,Open Database License,https://www.openstreetmap.org/copyright
4199,Maceio,Brazil,-9.6476843,-35.7339264,"Maceió, AL, Brazil",,,,,,AL,,Maceió,Região Geográfica Intermediária de Maceió,Alagoas,Brazil,br,1,1,© OpenStreetMap contributors,Open Database License,https://www.openstreetmap.org/copyright
4200,Kashi,China,39.4665981,75.9900135,"844000 Xinjiang, China",,,,,,,844000,Kashgar City,,Xinjiang,China,cn,0.5714285714285714,0.5714285714285714,© OpenStreetMap contributors,Open Database License,https://www.openstreetmap.org/copyright
4201,Medchal,India,17.6339929,78.4843146,"Medchal (Medchal) - 501400, TG, India",,,Medchal,,,TG,501400,Medchal,Medchal mandal,Telangana,India,in,1,1,© OpenStreetMap contributors,Open Database License,https://www.openstreetmap.org/copyright
4202,Yining,China,43.9758097,81.5245233,"Yining, Xinjiang, China",,,Yining,,,,,Yining,Yining County,Xinjiang,China,cn,1,1,© OpenStreetMap contributors,Open Database License,https://www.openstreetmap.org/copyright
4203,Kelambakkam,India,12.7871437,80.219987,"Kelambakkam - 603103, TN, India",,,Kelambakkam,,,TN,603103,Kelambakkam,Chengalpattu District,Tamil Nadu,India,in,1,1,© OpenStreetMap contributors,Open Database License,https://www.openstreetmap.org/copyright
4204,Abomey,Benin,7.1820012,1.993632,"Abomey, Zou Department, Benin",,,Abomey,,,,,Abomey,Abomey,Zou Department,Benin,bj,1,1,© OpenStreetMap contributors,Open Database License,https://www.openstreetmap.org/copyright
4205,Linquan,China,33.0421611,115.2575586,"Linquan, Anhui, China",,,Linquan,,,,,Linquan,,Anhui,China,cn,1,1,© OpenStreetMap contributors,Open Database License,https://www.openstreetmap.org/copyright
4206,Martonvasar,Hungary,47.3299049,18.7687291,"Martonvásár, Martonvásári járás, Central Transdanubia, Hungary",,,,,Martonvásár,,2462,Martonvásári járás,Fejér,Central Transdanubia,Hungary,hu,1,1,© OpenStreetMap contributors,Open Database License,https://www.openstreetmap.org/copyright
4207,Kennesaw,United States,34.0234337,-84.6154897,"Kennesaw, GA 30144, United States of America",,,,,,GA,30144,Kennesaw,Cobb County,Georgia,United States,us,1,1,© OpenStreetMap contributors,Open Database License,https://www.openstreetmap.org/copyright
4208,Jingdezhen,China,29.2712774,117.1727822,"Changjiang District, Jingdezhen, Jiangxi, China",Changjiang District,,Jingdezhen,,,,,Jingdezhen,,Jiangxi,China,cn,1,1,© OpenStreetMap contributors,Open Database License,https://www.openstreetmap.org/copyright
4209,Kontich,Belgium,51.1353297,4.4454784,"2550 Kontich, Belgium",,,,,,,2550,Kontich,Antwerp,Antwerp,Belgium,be,1,1,© OpenStreetMap contributors,Open Database License,https://www.openstreetmap.org/copyright
4210,Tebessa,Algeria,35.4035956,8.1212322,"12000 Tebessa, Algeria",,,,,,,12000,Tebessa,Tébessa District,Tébessa,Algeria,dz,1,1,© OpenStreetMap contributors,Open Database License,https://www.openstreetmap.org/copyright
4211,Jamia Hamdard,India,28.5153806,77.2502919,"Jamia Hamdard, Guru Ravidas Marg, Kalkaji, Delhi - 110080, DL, India",DDA Flats,Guru Ravidas Marg,Jamia Hamdard,,Kalkaji,DL,110080,Delhi,Kalkaji Tehsil,Delhi,India,in,1,1,© OpenStreetMap contributors,Open Database License,https://www.openstreetmap.org/copyright
4212,Scotts Valley,United States,37.0510595,-122.014684,"Scotts Valley, CA 95066, United States of America",,,,,,CA,95066,Scotts Valley,Santa Cruz County,California,United States,us,1,1,© OpenStreetMap contributors,Open Database License,https://www.openstreetmap.org/copyright
4213,Kissimmee,United States,28.2918995,-81.4075838,"Kissimmee, FL, United States of America",,,,,,FL,,Kissimmee,Osceola County,Florida,United States,us,1,1,© OpenStreetMap contributors,Open Database License,https://www.openstreetmap.org/copyright
4214,Ruschlikon,Switzerland,47.307465,8.5546421,"8803 Rüschlikon, Switzerland",,,,,,,8803,Rüschlikon,Bezirk Horgen,Zurich,Switzerland,ch,1,1,© OpenStreetMap contributors,Open Database License,https://www.openstreetmap.org/copyright
4215,Bolu,Turkey,40.7332953,31.6110479,"Bolu, Black Sea Region, Turkey",,,,,,,,Bolu,Bolu,Black Sea Region,Turkey,tr,1,1,© OpenStreetMap contributors,Open Database License,https://www.openstreetmap.org/copyright
4216,Bilecik,Turkey,40.1435101,29.9752911,"Bilecik Merkez, Marmara Region, Turkey",,,,,,,,Bilecik Merkez,Bilecik,Marmara Region,Turkey,tr,1,1,© OpenStreetMap contributors,Open Database License,https://www.openstreetmap.org/copyright
4217,Markham,Canada,43.8563707,-79.3376825,"Markham, ON, Canada",,,,,,ON,,Markham,York Region,Ontario,Canada,ca,1,1,© OpenStreetMap contributors,Open Database License,https://www.openstreetmap.org/copyright
4218,Winona,United States,44.0500054,-91.6392294,"Winona, MN 55987, United States of America",,,,,,MN,55987,Winona,Winona County,Minnesota,United States,us,1,1,© OpenStreetMap contributors,Open Database License,https://www.openstreetmap.org/copyright
4219,Yongzhou,China,26.423568,111.6081495,"Lengshuitan District, Yongzhou, Hunan, China",Lengshuitan District,,Yongzhou,,,,,Yongzhou,,Hunan,China,cn,1,1,© OpenStreetMap contributors,Open Database License,https://www.openstreetmap.org/copyright
4220,Putignano,Italy,40.8492021,17.1226371,"70017 Putignano, Italy",,,,BA,,,70017,Putignano,Bari,Apulia,Italy,it,1,1,© OpenStreetMap contributors,Open Database License,https://www.openstreetmap.org/copyright
4221,Barum,Norway,61.356908,9.680372,Norway,,,Norway,,,,,,,,Norway,no,0.25,,Who's On First,CC0,https://www.whosonfirst.org/docs/licenses/
4222,Santa Rosa,Argentina,-36.6203503,-64.2905765,"Santa Rosa, L, Argentina",,,,,,L,,Santa Rosa,Departamento Capital,La Pampa,Argentina,ar,1,1,© OpenStreetMap contributors,Open Database License,https://www.openstreetmap.org/copyright
4223,Villa Elisa,Argentina,-32.1631324,-58.4004902,"E3265 Villa Elisa, Argentina",,,,,,,E3265,Villa Elisa,Distrito Segundo,Entre Ríos Province,Argentina,ar,1,1,© OpenStreetMap contributors,Open Database License,https://www.openstreetmap.org/copyright
4224,Taraz,Kazakhstan,42.9015945,71.3769302,"Taraz, Jambyl Region, Kazakhstan",,,,,,,,Taraz,,Jambyl Region,Kazakhstan,kz,1,1,© OpenStreetMap contributors,Open Database License,https://www.openstreetmap.org/copyright
4225,Shymkent,Kazakhstan,42.3146962,69.5883282,"Shymkent, Kazakhstan",,,,,,,,Shymkent,,,Kazakhstan,kz,1,1,© OpenStreetMap contributors,Open Database License,https://www.openstreetmap.org/copyright